"Date","Time (GMT)","Predicted (ft)","Preliminary (ft)","Verified (ft)"
"2020/06/01","00:00","5.677","-","5.6"
"2020/06/01","01:00","4.883","-","4.85"
"2020/06/01","02:00","3.699","-","3.66"
"2020/06/01","03:00","2.523","-","2.48"
"2020/06/01","04:00","1.602","-","1.39"
"2020/06/01","05:00","0.92","-","0.61"
"2020/06/01","06:00","0.521","-","0.17"
"2020/06/01","07:00","0.865","-","0.87"
"2020/06/01","08:00","2.142","-","2.6"
"2020/06/01","09:00","3.704","-","4.12"
"2020/06/01","10:00","4.91","-","5.35"
"2020/06/01","11:00","5.651","-","6.08"
"2020/06/01","12:00","5.807","-","6.17"
"2020/06/01","13:00","5.219","-","5.58"
"2020/06/01","14:00","4.089","-","4.4"
"2020/06/01","15:00","2.826","-","3.14"
"2020/06/01","16:00","1.75","-","2.06"
"2020/06/01","17:00","0.932","-","1.15"
"2020/06/01","18:00","0.311","-","0.51"
"2020/06/01","19:00","0.209","-","0.2"
"2020/06/01","20:00","1.106","-","1.32"
"2020/06/01","21:00","2.717","-","3.2"
"2020/06/01","22:00","4.268","-","4.82"
"2020/06/01","23:00","5.423","-","5.95"
"2020/06/02","00:00","6.07","-","6.41"
"2020/06/02","01:00","5.956","-","6.3"
"2020/06/02","02:00","5.09","-","5.4"
"2020/06/02","03:00","3.85","-","4.01"
"2020/06/02","04:00","2.638","-","2.74"
"2020/06/02","05:00","1.657","-","1.72"
"2020/06/02","06:00","0.852","-","0.86"
"2020/06/02","07:00","0.338","-","0.18"
"2020/06/02","08:00","0.656","-","0.3"
"2020/06/02","09:00","1.932","-","1.98"
"2020/06/02","10:00","3.487","-","3.65"
"2020/06/02","11:00","4.753","-","5.02"
"2020/06/02","12:00","5.595","-","5.94"
"2020/06/02","13:00","5.786","-","6.2"
"2020/06/02","14:00","5.167","-","5.64"
"2020/06/02","15:00","4.003","-","4.33"
"2020/06/02","16:00","2.732","-","3.02"
"2020/06/02","17:00","1.665","-","1.91"
"2020/06/02","18:00","0.831","-","1.06"
"2020/06/02","19:00","0.191","-","0.35"
"2020/06/02","20:00","0.162","-","0.06"
"2020/06/02","21:00","1.191","-","1.6"
"2020/06/02","22:00","2.884","-","3.47"
"2020/06/02","23:00","4.491","-","5.05"
"2020/06/03","00:00","5.715","-","6.19"
"2020/06/03","01:00","6.369","-","6.7"
"2020/06/03","02:00","6.178","-","6.62"
"2020/06/03","03:00","5.226","-","5.77"
"2020/06/03","04:00","3.937","-","4.35"
"2020/06/03","05:00","2.703","-","2.99"
"2020/06/03","06:00","1.666","-","1.91"
"2020/06/03","07:00","0.744","-","1.14"
"2020/06/03","08:00","0.146","-","0.58"
"2020/06/03","09:00","0.474","-","0.62"
"2020/06/03","10:00","1.774","-","2.38"
"2020/06/03","11:00","3.341","-","4.12"
"2020/06/03","12:00","4.667","-","5.48"
"2020/06/03","13:00","5.572","-","6.25"
"2020/06/03","14:00","5.747","-","6.36"
"2020/06/03","15:00","5.07","-","5.78"
"2020/06/03","16:00","3.873","-","4.45"
"2020/06/03","17:00","2.613","-","3.14"
"2020/06/03","18:00","1.573","-","2"
"2020/06/03","19:00","0.733","-","1.16"
"2020/06/03","20:00","0.103","-","0.5"
"2020/06/03","21:00","0.183","-","0.38"
"2020/06/03","22:00","1.355","-","2.14"
"2020/06/03","23:00","3.12","-","4.05"
"2020/06/04","00:00","4.76","-","5.6"
"2020/06/04","01:00","6.002","-","6.6"
"2020/06/04","02:00","6.599","-","7.04"
"2020/06/04","03:00","6.292","-","6.94"
"2020/06/04","04:00","5.254","-","5.95"
"2020/06/04","05:00","3.937","-","4.41"
"2020/06/04","06:00","2.702","-","3.13"
"2020/06/04","07:00","1.623","-","2.01"
"2020/06/04","08:00","0.61","-","1.2"
"2020/06/04","09:00","-0.019","-","0.58"
"2020/06/04","10:00","0.369","-","0.59"
"2020/06/04","11:00","1.715","-","2.37"
"2020/06/04","12:00","3.295","-","4.06"
"2020/06/04","13:00","4.655","-","5.47"
"2020/06/04","14:00","5.564","-","6.32"
"2020/06/04","15:00","5.671","-","6.39"
"2020/06/04","16:00","4.919","-","5.64"
"2020/06/04","17:00","3.702","-","4.27"
"2020/06/04","18:00","2.477","-","3"
"2020/06/04","19:00","1.481","-","1.89"
"2020/06/04","20:00","0.653","-","1.11"
"2020/06/04","21:00","0.067","-","0.43"
"2020/06/04","22:00","0.293","-","0.51"
"2020/06/04","23:00","1.611","-","2.47"
"2020/06/05","00:00","3.418","-","4.38"
"2020/06/05","01:00","5.044","-","5.9"
"2020/06/05","02:00","6.238","-","6.8"
"2020/06/05","03:00","6.716","-","7.15"
"2020/06/05","04:00","6.27","-","7.03"
"2020/06/05","05:00","5.159","-","5.82"
"2020/06/05","06:00","3.845","-","4.28"
"2020/06/05","07:00","2.635","-","3.06"
"2020/06/05","08:00","1.536","-","1.99"
"2020/06/05","09:00","0.475","-","1.21"
"2020/06/05","10:00","-0.118","-","0.63"
"2020/06/05","11:00","0.378","-","0.58"
"2020/06/05","12:00","1.778","-","2.39"
"2020/06/05","13:00","3.351","-","4.16"
"2020/06/05","14:00","4.698","-","5.51"
"2020/06/05","15:00","5.548","-","6.25"
"2020/06/05","16:00","5.546","-","6.32"
"2020/06/05","17:00","4.718","-","5.59"
"2020/06/05","18:00","3.502","-","4.17"
"2020/06/05","19:00","2.335","-","2.89"
"2020/06/05","20:00","1.397","-","1.8"
"2020/06/05","21:00","0.602","-","1.05"
"2020/06/05","22:00","0.101","-","0.4"
"2020/06/05","23:00","0.503","-","0.73"
"2020/06/06","00:00","1.951","-","2.69"
"2020/06/06","01:00","3.753","-","4.64"
"2020/06/06","02:00","5.305","-","6.04"
"2020/06/06","03:00","6.384","-","6.88"
"2020/06/06","04:00","6.697","-","7.11"
"2020/06/06","05:00","6.112","-","6.75"
"2020/06/06","06:00","4.955","-","5.56"
"2020/06/06","07:00","3.672","-","4.06"
"2020/06/06","08:00","2.511","-","2.82"
"2020/06/06","09:00","1.418","-","1.84"
"2020/06/06","10:00","0.363","-","1.08"
"2020/06/06","11:00","-0.125","-","0.43"
"2020/06/06","12:00","0.513","-","0.53"
"2020/06/06","13:00","1.955","-","2.37"
"2020/06/06","14:00","3.488","-","4.09"
"2020/06/06","15:00","4.769","-","5.39"
"2020/06/06","16:00","5.508","-","6.08"
"2020/06/06","17:00","5.376","-","6.07"
"2020/06/06","18:00","4.484","-","5.12"
"2020/06/06","19:00","3.292","-","3.74"
"2020/06/06","20:00","2.199","-","2.52"
"2020/06/06","21:00","1.33","-","1.51"
"2020/06/06","22:00","0.589","-","0.76"
"2020/06/06","23:00","0.213","-","0.19"
"2020/06/07","00:00","0.805","-","0.9"
"2020/06/07","01:00","2.347","-","2.92"
"2020/06/07","02:00","4.086","-","4.66"
"2020/06/07","03:00","5.507","-","6.02"
"2020/06/07","04:00","6.421","-","6.75"
"2020/06/07","05:00","6.549","-","6.94"
"2020/06/07","06:00","5.843","-","6.39"
"2020/06/07","07:00","4.67","-","5.11"
"2020/06/07","08:00","3.443","-","3.64"
"2020/06/07","09:00","2.346","-","2.44"
"2020/06/07","10:00","1.286","-","1.49"
"2020/06/07","11:00","0.293","-","0.84"
"2020/06/07","12:00","-0.031","-","0.23"
"2020/06/07","13:00","0.763","-","0.5"
"2020/06/07","14:00","2.219","-","2.41"
"2020/06/07","15:00","3.67","-","3.98"
"2020/06/07","16:00","4.841","-","5.16"
"2020/06/07","17:00","5.436","-","5.69"
"2020/06/07","18:00","5.175","-","5.48"
"2020/06/07","19:00","4.241","-","4.49"
"2020/06/07","20:00","3.09","-","3.25"
"2020/06/07","21:00","2.08","-","2.05"
"2020/06/07","22:00","1.285","-","1.1"
"2020/06/07","23:00","0.618","-","0.4"
"2020/06/08","00:00","0.397","-","-0.07"
"2020/06/08","01:00","1.176","-","1.18"
"2020/06/08","02:00","2.761","-","3.1"
"2020/06/08","03:00","4.379","-","4.76"
"2020/06/08","04:00","5.626","-","5.97"
"2020/06/08","05:00","6.351","-","6.6"
"2020/06/08","06:00","6.303","-","6.8"
"2020/06/08","07:00","5.505","-","6.13"
"2020/06/08","08:00","4.343","-","4.75"
"2020/06/08","09:00","3.184","-","3.38"
"2020/06/08","10:00","2.16","-","2.25"
"2020/06/08","11:00","1.154","-","1.4"
"2020/06/08","12:00","0.275","-","0.77"
"2020/06/08","13:00","0.155","-","0.3"
"2020/06/08","14:00","1.095","-","1.16"
"2020/06/08","15:00","2.525","-","3"
"2020/06/08","16:00","3.861","-","4.23"
"2020/06/08","17:00","4.897","-","5.4"
"2020/06/08","18:00","5.341","-","5.82"
"2020/06/08","19:00","4.969","-","5.49"
"2020/06/08","20:00","4.014","-","4.45"
"2020/06/08","21:00","2.913","-","3.19"
"2020/06/08","22:00","1.986","-","2.06"
"2020/06/08","23:00","1.262","-","1.17"
"2020/06/09","00:00","0.685","-","0.52"
"2020/06/09","01:00","0.636","-","0.38"
"2020/06/09","02:00","1.576","-","1.92"
"2020/06/09","03:00","3.147","-","3.6"
"2020/06/09","04:00","4.601","-","5.05"
"2020/06/09","05:00","5.658","-","6.12"
"2020/06/09","06:00","6.201","-","6.61"
"2020/06/09","07:00","6.003","-","6.55"
"2020/06/09","08:00","5.146","-","5.69"
"2020/06/09","09:00","4.008","-","4.35"
"2020/06/09","10:00","2.917","-","3.1"
"2020/06/09","11:00","1.964","-","2.06"
"2020/06/09","12:00","1.033","-","1.28"
"2020/06/09","13:00","0.305","-","0.65"
"2020/06/09","14:00","0.407","-","0.36"
"2020/06/09","15:00","1.464","-","1.51"
"2020/06/09","16:00","2.833","-","3.25"
"2020/06/09","17:00","4.036","-","4.61"
"2020/06/09","18:00","4.937","-","5.53"
"2020/06/09","19:00","5.244","-","5.89"
"2020/06/09","20:00","4.786","-","5.54"
"2020/06/09","21:00","3.824","-","4.49"
"2020/06/09","22:00","2.774","-","3.39"
"2020/06/09","23:00","1.918","-","2.4"
"2020/06/10","00:00","1.26","-","1.52"
"2020/06/10","01:00","0.779","-","0.96"
"2020/06/10","02:00","0.9","-","1.1"
"2020/06/10","03:00","1.962","-","2.65"
"2020/06/10","04:00","3.465","-","4.13"
"2020/06/10","05:00","4.736","-","5.38"
"2020/06/10","06:00","5.617","-","6.22"
"2020/06/10","07:00","6.006","-","6.57"
"2020/06/10","08:00","5.696","-","6.37"
"2020/06/10","09:00","4.802","-","5.44"
"2020/06/10","10:00","3.689","-","4.1"
"2020/06/10","11:00","2.657","-","2.93"
"2020/06/10","12:00","1.77","-","1.97"
"2020/06/10","13:00","0.925","-","1.26"
"2020/06/10","14:00","0.374","-","0.69"
"2020/06/10","15:00","0.694","-","0.86"
"2020/06/10","16:00","1.831","-","2.29"
"2020/06/10","17:00","3.113","-","3.86"
"2020/06/10","18:00","4.192","-","5.1"
"2020/06/10","19:00","4.976","-","5.94"
"2020/06/10","20:00","5.172","-","6.22"
"2020/06/10","21:00","4.649","-","5.83"
"2020/06/10","22:00","3.685","-","4.87"
"2020/06/10","23:00","2.674","-","3.71"
"2020/06/11","00:00","1.875","-","2.73"
"2020/06/11","01:00","1.268","-","2.01"
"2020/06/11","02:00","0.879","-","1.51"
"2020/06/11","03:00","1.155","-","1.8"
"2020/06/11","04:00","2.291","-","3.12"
"2020/06/11","05:00","3.688","-","4.41"
"2020/06/11","06:00","4.783","-","5.56"
"2020/06/11","07:00","5.527","-","6.38"
"2020/06/11","08:00","5.805","-","6.72"
"2020/06/11","09:00","5.414","-","6.39"
"2020/06/11","10:00","4.495","-","5.35"
"2020/06/11","11:00","3.399","-","4.13"
"2020/06/11","12:00","2.412","-","3.12"
"2020/06/11","13:00","1.582","-","2.29"
"2020/06/11","14:00","0.83","-","1.52"
"2020/06/11","15:00","0.467","-","0.94"
"2020/06/11","16:00","0.986","-","0.94"
"2020/06/11","17:00","2.169","-","2.25"
"2020/06/11","18:00","3.359","-","3.64"
"2020/06/11","19:00","4.34","-","4.79"
"2020/06/11","20:00","5.038","-","5.43"
"2020/06/11","21:00","5.147","-","5.51"
"2020/06/11","22:00","4.571","-","4.95"
"2020/06/11","23:00","3.598","-","3.91"
"2020/06/12","00:00","2.611","-","2.82"
"2020/06/12","01:00","1.848","-","1.96"
"2020/06/12","02:00","1.274","-","1.22"
"2020/06/12","03:00","0.964","-","0.73"
"2020/06/12","04:00","1.366","-","0.96"
"2020/06/12","05:00","2.531","-","2.3"
"2020/06/12","06:00","3.807","-","3.68"
"2020/06/12","07:00","4.763","-","4.92"
"2020/06/12","08:00","5.421","-","5.7"
"2020/06/12","09:00","5.625","-","5.9"
"2020/06/12","10:00","5.176","-","5.4"
"2020/06/12","11:00","4.23","-","4.29"
"2020/06/12","12:00","3.137","-","3.09"
"2020/06/12","13:00","2.182","-","2.06"
"2020/06/12","14:00","1.401","-","1.18"
"2020/06/12","15:00","0.745","-","0.52"
"2020/06/12","16:00","0.57","-","0.09"
"2020/06/12","17:00","1.266","-","0.73"
"2020/06/12","18:00","2.469","-","2.36"
"2020/06/12","19:00","3.583","-","3.67"
"2020/06/12","20:00","4.504","-","4.75"
"2020/06/12","21:00","5.144","-","5.33"
"2020/06/12","22:00","5.178","-","5.34"
"2020/06/12","23:00","4.547","-","4.75"
"2020/06/13","00:00","3.551","-","3.75"
"2020/06/13","01:00","2.572","-","2.75"
"2020/06/13","02:00","1.823","-","1.84"
"2020/06/13","03:00","1.26","-","1.13"
"2020/06/13","04:00","1.012","-","0.77"
"2020/06/13","05:00","1.511","-","1.37"
"2020/06/13","06:00","2.673","-","2.81"
"2020/06/13","07:00","3.836","-","3.92"
"2020/06/13","08:00","4.705","-","4.87"
"2020/06/13","09:00","5.325","-","5.43"
"2020/06/13","10:00","5.481","-","5.5"
"2020/06/13","11:00","4.978","-","4.89"
"2020/06/13","12:00","3.997","-","3.79"
"2020/06/13","13:00","2.896","-","2.64"
"2020/06/13","14:00","1.966","-","1.68"
"2020/06/13","15:00","1.229","-","0.94"
"2020/06/13","16:00","0.67","-","0.39"
"2020/06/13","17:00","0.68","-","0.45"
"2020/06/13","18:00","1.529","-","1.75"
"2020/06/13","19:00","2.744","-","3.2"
"2020/06/13","20:00","3.811","-","4.43"
"2020/06/13","21:00","4.706","-","5.3"
"2020/06/13","22:00","5.301","-","5.67"
"2020/06/13","23:00","5.256","-","5.5"
"2020/06/14","00:00","4.556","-","4.77"
"2020/06/14","01:00","3.523","-","3.76"
"2020/06/14","02:00","2.538","-","2.79"
"2020/06/14","03:00","1.785","-","1.97"
"2020/06/14","04:00","1.211","-","1.26"
"2020/06/14","05:00","1.009","-","0.96"
"2020/06/14","06:00","1.583","-","1.63"
"2020/06/14","07:00","2.728","-","3.03"
"2020/06/14","08:00","3.809","-","4.18"
"2020/06/14","09:00","4.644","-","5.1"
"2020/06/14","10:00","5.258","-","5.64"
"2020/06/14","11:00","5.372","-","5.71"
"2020/06/14","12:00","4.806","-","5.08"
"2020/06/14","13:00","3.778","-","4.08"
"2020/06/14","14:00","2.667","-","3.04"
"2020/06/14","15:00","1.761","-","2.13"
"2020/06/14","16:00","1.066","-","1.4"
"2020/06/14","17:00","0.609","-","0.93"
"2020/06/14","18:00","0.801","-","1.37"
"2020/06/14","19:00","1.789","-","2.67"
"2020/06/14","20:00","3.019","-","3.95"
"2020/06/14","21:00","4.068","-","5.15"
"2020/06/14","22:00","4.957","-","5.94"
"2020/06/14","23:00","5.495","-","6.2"
"2020/06/15","00:00","5.351","-","5.94"
"2020/06/15","01:00","4.566","-","5.15"
"2020/06/15","02:00","3.487","-","4.02"
"2020/06/15","03:00","2.49","-","3.05"
"2020/06/15","04:00","1.717","-","2.12"
"2020/06/15","05:00","1.118","-","1.46"
"2020/06/15","06:00","0.956","-","1.26"
"2020/06/15","07:00","1.596","-","2.1"
"2020/06/15","08:00","2.731","-","3.44"
"2020/06/15","09:00","3.768","-","4.56"
"2020/06/15","10:00","4.61","-","5.49"
"2020/06/15","11:00","5.226","-","5.98"
"2020/06/15","12:00","5.28","-","5.94"
"2020/06/15","13:00","4.635","-","5.16"
"2020/06/15","14:00","3.555","-","4.16"
"2020/06/15","15:00","2.441","-","3.14"
"2020/06/15","16:00","1.567","-","2.29"
"2020/06/15","17:00","0.916","-","1.56"
"2020/06/15","18:00","0.568","-","1.25"
"2020/06/15","19:00","0.947","-","1.77"
"2020/06/15","20:00","2.067","-","3.18"
"2020/06/15","21:00","3.321","-","4.44"
"2020/06/15","22:00","4.372","-","5.51"
"2020/06/15","23:00","5.248","-","6.24"
"2020/06/16","00:00","5.698","-","6.49"
"2020/06/16","01:00","5.425","-","6.23"
"2020/06/16","02:00","4.541","-","5.42"
"2020/06/16","03:00","3.418","-","4.37"
"2020/06/16","04:00","2.409","-","3.41"
"2020/06/16","05:00","1.608","-","2.52"
"2020/06/16","06:00","0.982","-","1.84"
"2020/06/16","07:00","0.868","-","1.68"
"2020/06/16","08:00","1.584","-","2.35"
"2020/06/16","09:00","2.727","-","3.5"
"2020/06/16","10:00","3.758","-","4.54"
"2020/06/16","11:00","4.625","-","5.36"
"2020/06/16","12:00","5.221","-","5.75"
"2020/06/16","13:00","5.183","-","5.55"
"2020/06/16","14:00","4.443","-","4.71"
"2020/06/16","15:00","3.315","-","3.68"
"2020/06/16","16:00","2.216","-","2.68"
"2020/06/16","17:00","1.384","-","1.87"
"2020/06/16","18:00","0.784","-","1.34"
"2020/06/16","19:00","0.561","-","1.14"
"2020/06/16","20:00","1.136","-","2.13"
"2020/06/16","21:00","2.387","-","3.31"
"2020/06/16","22:00","3.67","-","4.49"
"2020/06/16","23:00","4.722","-","5.62"
"2020/06/17","00:00","5.551","-","6.28"
"2020/06/17","01:00","5.866","-","6.45"
"2020/06/17","02:00","5.437","-","5.94"
"2020/06/17","03:00","4.452","-","4.98"
"2020/06/17","04:00","3.295","-","3.9"
"2020/06/17","05:00","2.284","-","2.91"
"2020/06/17","06:00","1.454","-","2.04"
"2020/06/17","07:00","0.814","-","1.44"
"2020/06/17","08:00","0.777","-","1.26"
"2020/06/17","09:00","1.591","-","2.09"
"2020/06/17","10:00","2.765","-","3.34"
"2020/06/17","11:00","3.81","-","4.52"
"2020/06/17","12:00","4.69","-","5.4"
"2020/06/17","13:00","5.222","-","5.76"
"2020/06/17","14:00","5.056","-","5.6"
"2020/06/17","15:00","4.211","-","4.84"
"2020/06/17","16:00","3.051","-","3.79"
"2020/06/17","17:00","1.988","-","2.83"
"2020/06/17","18:00","1.211","-","2.01"
"2020/06/17","19:00","0.675","-","1.29"
"2020/06/17","20:00","0.603","-","1.08"
"2020/06/17","21:00","1.388","-","2"
"2020/06/17","22:00","2.766","-","3.56"
"2020/06/17","23:00","4.072","-","4.74"
"2020/06/18","00:00","5.101","-","5.67"
"2020/06/18","01:00","5.829","-","6.2"
"2020/06/18","02:00","5.96","-","6.29"
"2020/06/18","03:00","5.358","-","5.8"
"2020/06/18","04:00","4.281","-","4.76"
"2020/06/18","05:00","3.113","-","3.59"
"2020/06/18","06:00","2.112","-","2.65"
"2020/06/18","07:00","1.262","-","1.81"
"2020/06/18","08:00","0.639","-","1.31"
"2020/06/18","09:00","0.721","-","1.29"
"2020/06/18","10:00","1.66","-","2.34"
"2020/06/18","11:00","2.88","-","3.54"
"2020/06/18","12:00","3.937","-","4.55"
"2020/06/18","13:00","4.792","-","5.35"
"2020/06/18","14:00","5.204","-","5.67"
"2020/06/18","15:00","4.879","-","5.21"
"2020/06/18","16:00","3.932","-","4.14"
"2020/06/18","17:00","2.764","-","3.02"
"2020/06/18","18:00","1.76","-","2.08"
"2020/06/18","19:00","1.049","-","1.24"
"2020/06/18","20:00","0.598","-","0.63"
"2020/06/18","21:00","0.708","-","0.82"
"2020/06/18","22:00","1.716","-","2.35"
"2020/06/18","23:00","3.21","-","3.94"
"2020/06/19","00:00","4.515","-","5.24"
"2020/06/19","01:00","5.477","-","6.1"
"2020/06/19","02:00","6.045","-","6.45"
"2020/06/19","03:00","5.951","-","6.28"
"2020/06/19","04:00","5.175","-","5.44"
"2020/06/19","05:00","4.029","-","4.18"
"2020/06/19","06:00","2.874","-","3.05"
"2020/06/19","07:00","1.897","-","1.99"
"2020/06/19","08:00","1.047","-","1.23"
"2020/06/19","09:00","0.487","-","0.69"
"2020/06/19","10:00","0.736","-","0.8"
"2020/06/19","11:00","1.82","-","2.21"
"2020/06/19","12:00","3.085","-","3.64"
"2020/06/19","13:00","4.13","-","4.77"
"2020/06/19","14:00","4.905","-","5.48"
"2020/06/19","15:00","5.145","-","5.65"
"2020/06/19","16:00","4.643","-","4.96"
"2020/06/19","17:00","3.61","-","3.75"
"2020/06/19","18:00","2.461","-","2.63"
"2020/06/19","19:00","1.536","-","1.69"
"2020/06/19","20:00","0.902","-","0.97"
"2020/06/19","21:00","0.561","-","0.56"
"2020/06/19","22:00","0.887","-","1.15"
"2020/06/19","23:00","2.123","-","2.9"
"2020/06/20","00:00","3.707","-","4.44"
"2020/06/20","01:00","4.972","-","5.61"
"2020/06/20","02:00","5.814","-","6.33"
"2020/06/20","03:00","6.168","-","6.5"
"2020/06/20","04:00","5.832","-","6.08"
"2020/06/20","05:00","4.897","-","4.93"
"2020/06/20","06:00","3.712","-","3.63"
"2020/06/20","07:00","2.593","-","2.53"
"2020/06/20","08:00","1.652","-","1.6"
"2020/06/20","09:00","0.83","-","0.95"
"2020/06/20","10:00","0.386","-","0.51"
"2020/06/20","11:00","0.847","-","0.97"
"2020/06/20","12:00","2.082","-","2.55"
"2020/06/20","13:00","3.371","-","3.94"
"2020/06/20","14:00","4.364","-","4.98"
"2020/06/20","15:00","5.002","-","5.59"
"2020/06/20","16:00","5.032","-","5.47"
"2020/06/20","17:00","4.354","-","4.54"
"2020/06/20","18:00","3.26","-","3.35"
"2020/06/20","19:00","2.155","-","2.27"
"2020/06/20","20:00","1.321","-","1.39"
"2020/06/20","21:00","0.776","-","0.71"
"2020/06/20","22:00","0.574","-","0.36"
"2020/06/20","23:00","1.143","-","1.48"
"2020/06/21","00:00","2.596","-","3.2"
"2020/06/21","01:00","4.228","-","4.67"
"2020/06/21","02:00","5.408","-","5.8"
"2020/06/21","03:00","6.08","-","6.41"
"2020/06/21","04:00","6.187","-","6.5"
"2020/06/21","05:00","5.612","-","5.88"
"2020/06/21","06:00","4.55","-","4.68"
"2020/06/21","07:00","3.355","-","3.41"
"2020/06/21","08:00","2.287","-","2.34"
"2020/06/21","09:00","1.395","-","1.47"
"2020/06/21","10:00","0.632","-","0.88"
"2020/06/21","11:00","0.358","-","0.42"
"2020/06/21","12:00","1.059","-","1.28"
"2020/06/21","13:00","2.43","-","2.99"
"2020/06/21","14:00","3.708","-","4.27"
"2020/06/21","15:00","4.604","-","5.23"
"2020/06/21","16:00","5.061","-","5.65"
"2020/06/21","17:00","4.867","-","5.39"
"2020/06/21","18:00","4.034","-","4.3"
"2020/06/21","19:00","2.907","-","3.07"
"2020/06/21","20:00","1.864","-","2.01"
"2020/06/21","21:00","1.127","-","1.18"
"2020/06/21","22:00","0.678","-","0.65"
"2020/06/21","23:00","0.641","-","0.8"
"2020/06/22","00:00","1.465","-","2.45"
"2020/06/22","01:00","3.104","-","4.07"
"2020/06/22","02:00","4.732","-","5.46"
"2020/06/22","03:00","5.782","-","6.33"
"2020/06/22","04:00","6.253","-","6.74"
"2020/06/22","05:00","6.107","-","6.69"
"2020/06/22","06:00","5.322","-","5.87"
"2020/06/22","07:00","4.168","-","4.51"
"2020/06/22","08:00","2.984","-","3.27"
"2020/06/22","09:00","1.977","-","2.19"
"2020/06/22","10:00","1.14","-","1.39"
"2020/06/22","11:00","0.471","-","0.82"
"2020/06/22","12:00","0.411","-","0.63"
"2020/06/22","13:00","1.358","-","1.89"
"2020/06/22","14:00","2.83","-","3.47"
"2020/06/22","15:00","4.057","-","4.75"
"2020/06/22","16:00","4.821","-","5.63"
"2020/06/22","17:00","5.078","-","5.85"
"2020/06/22","18:00","4.671","-","5.31"
"2020/06/22","19:00","3.714","-","4.09"
"2020/06/22","20:00","2.58","-","2.92"
"2020/06/22","21:00","1.609","-","1.97"
"2020/06/22","22:00","0.964","-","1.27"
"2020/06/22","23:00","0.614","-","0.77"
"2020/06/23","00:00","0.757","-","1.54"
"2020/06/23","01:00","1.829","-","3.17"
"2020/06/23","02:00","3.602","-","4.72"
"2020/06/23","03:00","5.172","-","5.87"
"2020/06/23","04:00","6.063","-","6.62"
"2020/06/23","05:00","6.326","-","6.83"
"2020/06/23","06:00","5.949","-","6.45"
"2020/06/23","07:00","4.995","-","5.42"
"2020/06/23","08:00","3.784","-","4.12"
"2020/06/23","09:00","2.626","-","2.91"
"2020/06/23","10:00","1.679","-","1.96"
"2020/06/23","11:00","0.904","-","1.26"
"2020/06/23","12:00","0.357","-","0.73"
"2020/06/23","13:00","0.538","-","1.04"
"2020/06/23","14:00","1.713","-","2.57"
"2020/06/23","15:00","3.241","-","4.1"
"2020/06/23","16:00","4.382","-","5.3"
"2020/06/23","17:00","5.001","-","6"
"2020/06/23","18:00","5.065","-","6.16"
"2020/06/23","19:00","4.477","-","5.46"
"2020/06/23","20:00","3.433","-","4.19"
"2020/06/23","21:00","2.309","-","3.03"
"2020/06/23","22:00","1.409","-","2.07"
"2020/06/23","23:00","0.844","-","1.34"
"2020/06/24","00:00","0.587","-","0.82"
"2020/06/24","01:00","0.91","-","1.67"
"2020/06/24","02:00","2.196","-","3.45"
"2020/06/24","03:00","4.037","-","4.96"
"2020/06/24","04:00","5.503","-","6.13"
"2020/06/24","05:00","6.228","-","6.84"
"2020/06/24","06:00","6.305","-","7.05"
"2020/06/24","07:00","5.741","-","6.6"
"2020/06/24","08:00","4.667","-","5.33"
"2020/06/24","09:00","3.426","-","3.96"
"2020/06/24","10:00","2.299","-","2.84"
"2020/06/24","11:00","1.408","-","1.86"
"2020/06/24","12:00","0.698","-","1.17"
"2020/06/24","13:00","0.293","-","0.63"
"2020/06/24","14:00","0.719","-","0.83"
"2020/06/24","15:00","2.085","-","2.45"
"2020/06/24","16:00","3.62","-","3.85"
"2020/06/24","17:00","4.66","-","4.93"
"2020/06/24","18:00","5.147","-","5.56"
"2020/06/24","19:00","5.048","-","5.49"
"2020/06/24","20:00","4.323","-","4.59"
"2020/06/24","21:00","3.224","-","3.36"
"2020/06/24","22:00","2.119","-","2.23"
"2020/06/24","23:00","1.279","-","1.31"
"2020/06/25","00:00","0.773","-","0.63"
"2020/06/25","01:00","0.594","-","0.38"
"2020/06/25","02:00","1.075","-","1.66"
"2020/06/25","03:00","2.52","-","3.34"
"2020/06/25","04:00","4.361","-","4.88"
"2020/06/25","05:00","5.694","-","6.1"
"2020/06/25","06:00","6.274","-","6.67"
"2020/06/25","07:00","6.21","-","6.76"
"2020/06/25","08:00","5.514","-","6.16"
"2020/06/25","09:00","4.365","-","4.85"
"2020/06/25","10:00","3.111","-","3.56"
"2020/06/25","11:00","2.016","-","2.43"
"2020/06/25","12:00","1.173","-","1.56"
"2020/06/25","13:00","0.528","-","0.89"
"2020/06/25","14:00","0.273","-","0.47"
"2020/06/25","15:00","0.929","-","1.33"
"2020/06/25","16:00","2.435","-","3.1"
"2020/06/25","17:00","3.941","-","4.52"
"2020/06/25","18:00","4.888","-","5.56"
"2020/06/25","19:00","5.276","-","6.01"
"2020/06/25","20:00","5.061","-","5.82"
"2020/06/25","21:00","4.242","-","5.06"
"2020/06/25","22:00","3.111","-","3.89"
"2020/06/25","23:00","2.025","-","2.55"
"2020/06/26","00:00","1.226","-","1.61"
"2020/06/26","01:00","0.75","-","0.95"
"2020/06/26","02:00","0.619","-","0.7"
"2020/06/26","03:00","1.219","-","2.14"
"2020/06/26","04:00","2.756","-","3.77"
"2020/06/26","05:00","4.537","-","5.18"
"2020/06/26","06:00","5.735","-","6.17"
"2020/06/26","07:00","6.213","-","6.71"
"2020/06/26","08:00","6.066","-","6.69"
"2020/06/26","09:00","5.293","-","5.91"
"2020/06/26","10:00","4.104","-","4.58"
"2020/06/26","11:00","2.85","-","3.3"
"2020/06/26","12:00","1.783","-","2.22"
"2020/06/26","13:00","0.981","-","1.36"
"2020/06/26","14:00","0.395","-","0.74"
"2020/06/26","15:00","0.286","-","0.48"
"2020/06/26","16:00","1.141","-","1.62"
"2020/06/26","17:00","2.735","-","3.29"
"2020/06/26","18:00","4.194","-","4.66"
"2020/06/26","19:00","5.078","-","5.62"
"2020/06/26","20:00","5.414","-","5.99"
"2020/06/26","21:00","5.128","-","5.73"
"2020/06/26","22:00","4.252","-","4.7"
"2020/06/26","23:00","3.101","-","3.49"
"2020/06/27","00:00","2.026","-","2.4"
"2020/06/27","01:00","1.245","-","1.51"
"2020/06/27","02:00","0.763","-","0.88"
"2020/06/27","03:00","0.643","-","0.68"
"2020/06/27","04:00","1.312","-","2.05"
"2020/06/27","05:00","2.871","-","3.66"
"2020/06/27","06:00","4.554","-","5.05"
"2020/06/27","07:00","5.639","-","6.12"
"2020/06/27","08:00","6.075","-","6.61"
"2020/06/27","09:00","5.902","-","6.48"
"2020/06/27","10:00","5.097","-","5.58"
"2020/06/27","11:00","3.892","-","4.28"
"2020/06/27","12:00","2.642","-","3.08"
"2020/06/27","13:00","1.602","-","2.07"
"2020/06/27","14:00","0.832","-","1.29"
"2020/06/27","15:00","0.297","-","0.64"
"2020/06/27","16:00","0.319","-","0.57"
"2020/06/27","17:00","1.333","-","2.11"
"2020/06/27","18:00","2.972","-","3.68"
"2020/06/27","19:00","4.386","-","4.98"
"2020/06/27","20:00","5.25","-","5.93"
"2020/06/27","21:00","5.58","-","6.33"
"2020/06/27","22:00","5.259","-","6.03"
"2020/06/27","23:00","4.346","-","5"
"2020/06/28","00:00","3.18","-","3.68"
"2020/06/28","01:00","2.107","-","2.58"
"2020/06/28","02:00","1.319","-","1.69"
"2020/06/28","03:00","0.794","-","1.05"
"2020/06/28","04:00","0.643","-","0.75"
"2020/06/28","05:00","1.328","-","1.8"
"2020/06/28","06:00","2.856","-","3.69"
"2020/06/28","07:00","4.427","-","5"
"2020/06/28","08:00","5.447","-","6.03"
"2020/06/28","09:00","5.899","-","6.46"
"2020/06/28","10:00","5.744","-","6.37"
"2020/06/28","11:00","4.934","-","5.5"
"2020/06/28","12:00","3.725","-","4.21"
"2020/06/28","13:00","2.485","-","3"
"2020/06/28","14:00","1.473","-","2"
"2020/06/28","15:00","0.726","-","1.22"
"2020/06/28","16:00","0.227","-","0.68"
"2020/06/28","17:00","0.36","-","0.84"
"2020/06/28","18:00","1.494","-","2.48"
"2020/06/28","19:00","3.151","-","4.07"
"2020/06/28","20:00","4.538","-","5.39"
"2020/06/28","21:00","5.425","-","6.25"
"2020/06/28","22:00","5.781","-","6.53"
"2020/06/28","23:00","5.443","-","6.26"
"2020/06/29","00:00","4.501","-","5.29"
"2020/06/29","01:00","3.318","-","4.06"
"2020/06/29","02:00","2.239","-","2.92"
"2020/06/29","03:00","1.421","-","1.97"
"2020/06/29","04:00","0.816","-","1.3"
"2020/06/29","05:00","0.6","-","0.98"
"2020/06/29","06:00","1.265","-","1.89"
"2020/06/29","07:00","2.729","-","3.68"
"2020/06/29","08:00","4.203","-","5.05"
"2020/06/29","09:00","5.209","-","6.08"
"2020/06/29","10:00","5.725","-","6.55"
"2020/06/29","11:00","5.61","-","6.39"
"2020/06/29","12:00","4.805","-","5.52"
"2020/06/29","13:00","3.597","-","4.23"
"2020/06/29","14:00","2.373","-","3.02"
"2020/06/29","15:00","1.39","-","1.97"
"2020/06/29","16:00","0.654","-","1.27"
"2020/06/29","17:00","0.178","-","0.69"
"2020/06/29","18:00","0.403","-","0.92"
"2020/06/29","19:00","1.627","-","2.6"
"2020/06/29","20:00","3.288","-","4.19"
"2020/06/29","21:00","4.674","-","5.47"
"2020/06/29","22:00","5.615","-","6.24"
"2020/06/29","23:00","6.006","-","6.53"
"2020/06/30","00:00","5.648","-","6.25"
"2020/06/30","01:00","4.676","-","5.3"
"2020/06/30","02:00","3.477","-","3.98"
"2020/06/30","03:00","2.388","-","2.83"
"2020/06/30","04:00","1.521","-","1.87"
"2020/06/30","05:00","0.809","-","1.15"
"2020/06/30","06:00","0.509","-","0.86"
"2020/06/30","07:00","1.136","-","1.73"
"2020/06/30","08:00","2.533","-","3.39"
"2020/06/30","09:00","3.942","-","4.76"
"2020/06/30","10:00","4.984","-","5.8"
"2020/06/30","11:00","5.584","-","6.31"
"2020/06/30","12:00","5.506","-","6.22"
"2020/06/30","13:00","4.7","-","5.35"
"2020/06/30","14:00","3.495","-","4.08"
"2020/06/30","15:00","2.296","-","2.89"
"2020/06/30","16:00","1.343","-","1.92"
"2020/06/30","17:00","0.607","-","1.17"
"2020/06/30","18:00","0.144","-","0.59"
"2020/06/30","19:00","0.451","-","0.86"
"2020/06/30","20:00","1.747","-","2.62"
"2020/06/30","21:00","3.41","-","4.27"
"2020/06/30","22:00","4.816","-","5.64"
"2020/06/30","23:00","5.819","-","6.5"